id,author_name,Answer_id,comment_name,created_time,content
22110581,回答正文,20344012,知乎用户,2013-11-26 10:08:07,杨绛先生说过：你的问题主要在于读书不多而想得太多。
20344012,知乎用户,92955798,知乎用户,2015-09-04 08:03:16,楼上三位对「先生」一词抱有疑问的话，请参考「宋庆龄先生」「冰心先生」等用法。
92955798,知乎用户,92955798_214625000,知乎用户,2016-12-28 23:48:58,很老的用法了，现在哪还有这么叫的
20344012,知乎用户,85675629,程震,2015-07-16 20:10:53,先生？
20344012,知乎用户,67338846,张志,2015-01-17 00:41:24,先生。。。？
20344012,知乎用户,56196913,知乎用户,2014-06-03 11:48:45,杨绛。。。先生。。。
20344012,知乎用户,53845668,wake up,2014-03-23 22:53:09,你的问题在于读书不多而想太多，其实真正原因是收入地。
20344012,知乎用户,52524274,知乎用户,2014-02-04 19:05:28,“思而不学则殆“
20344012,知乎用户,52160208,于一,2014-01-19 18:29:12,“你的问题主要在于读书不多而想得太多。”——杨绛
52160208,于一,52160208_52162255,知乎用户,2014-01-19 20:37:20,谢谢指正。
20344012,知乎用户,52152908,Publius,2014-01-19 10:32:40,这句话不就是把学而不思则罔，思而不学则殆翻译了一下嘛
20344012,知乎用户,52150644,知乎用户,2014-01-19 04:03:08,应该转推到民科吧去……
20344012,知乎用户,52147892,知乎用户,2014-01-18 23:32:06,言简意赅啊！一语击中要害！赞！
20344012,知乎用户,52146153,锤锤kk,2014-01-18 22:10:37,这句话是杨绛女士回复一位爱慕者的信时说的。 我相信这句话有其适用范围。  书读的少想的多我觉得不是坏事。至少当你终于意识到自己的错误时，其深刻性远非其他盲目接受的情况可比。  这句话得细细想下，搞不好就会成为另一种形式的心灵鸡汤。
52146153,锤锤kk,52146153_52146713,知乎用户,2014-01-18 22:34:52,赞同
52146153,锤锤kk,52146153_52148699,王军刚,2014-01-19 00:08:27,一句单独摘出来的话，其实可以有很多种解读的，所以话不能这么来读，最好是了解是以什么背景说的这样的话才能更明确这句话的真实意图的。好多名人的原话都是这样被歪曲成心灵鸡汤的。。。你不能光读了这一句话就有了你的细想，你这样的细想可是会有着明显的你自己的主观想法的。
20344012,知乎用户,52144852,知乎用户,2014-01-18 21:00:14,“书读得太少，又特爱思考。”嗯，自勉不要变成这样子。
20344012,知乎用户,153983101,Wan Liu,2016-07-28 22:01:21,古代称别人先生有向别人学习的意思。达者为先，师者之意。后延生为是对人的一种尊称。在现代语境下，先生是对一般男士的称呼。--百度百科
20344012,知乎用户,137997919,ldO,2016-05-26 11:00:09,杨绛先生昨天走了
20344012,知乎用户,134793429,宇翼天翔,2016-05-11 16:46:48,这句话听了太多次，反感。
22110581,回答正文,20333878,亚尔斯兰,2013-11-25 21:07:30,隔壁最高票的回答能很好的回答你这个问题。所有你生活中所遇到过的问题，前人都遇到过。也都尝试着去解决过。所以很多时候只要你顺着前人走的路，就能找到答案。你会感觉它们向是你内心的独白，和你无声的交流。不过就我个人而言来说，我不会事先建议别人多读很多书。因为那样的意义不太大。 而是当你发现了你在某些地方缺失了什么时，再去读某方面的书，那样意义才大。异或是某些经历后，再去读，你就会豁然开朗。  不过名著或者一些具有思想性的书籍是无论在什么时候都适合一读的。哪怕你现在还读不懂它，将来在遇到这方面的事时，那些文字会一幕幕的跳入你的脑海里的。知乎上的很多人建议他人去多读书其实是件好事，虽然这种类似的劝说也没多大效果。真正意识到读书重要性的人根本不用担心它不去看书，而意识不到的人，哪怕帮他找到解决问题的书籍他都是不会看的。 所以他们劝他人多看书是一种好心的劝诫，但作为网络上的陌生人，这也是我们能做的最大的事了。“多读书”其实可以是看作一种希望他人多长智慧，多用自己的思想去思考的话。而不仅仅只是要你看看书里的内容，除此之外你还需要在其中汲取足够多的养分。而一个连书都不愿意看的人，奢求他能增长智慧和独立思考，是一件非常困难的事。
20333878,亚尔斯兰,51032880,知乎用户,2013-11-27 15:40:15,我在想怎么翻译更顺口呢？在我们死之前，一个普通人只能拥有一种人生，一个爱读书的人却经历了千千万万种？  （不太好，求指教啊）
51032880,知乎用户,51032880_51033325,亚尔斯兰,2013-11-27 15:55:29,伴书如历三千世，无书唯度一平生。   知乎上已经有大神翻译过咯。
20333878,亚尔斯兰,51009158,知乎用户,2013-11-26 15:36:48,和我的感觉一样
20333878,亚尔斯兰,52152766,知乎用户,2014-01-19 10:23:35,类似于“佛渡有缘人”吧。。。
52152766,知乎用户,52152766_52153981,亚尔斯兰,2014-01-19 11:44:18,也不算是有缘人。 而是开悟者。
22110581,回答正文,20332217,张随便,2013-11-25 19:55:59,我长的难看怎么办？多读书！我生活很迷茫怎么办？多读书！我觉得不管回答什么问题都说多读书是一件很傻逼的事情怎么办？多读书！多读书现在包治百病失恋的、茫然的、失足的、脑子进泥石流的全都这么一剂药就可以搞定知乎的多读书现在堪比板蓝根啊治感冒头疼发烧非典甲流竟然还有核辐射有人说了，我读的书也不少了啊，我怎么没觉得那些困惑少了呢？你看看，这就到多读书另一个话题上了，你不光要多读书啊，你还要读好书啊要不然就是你读的书还不够多你可千万别吹牛逼你读书多，你这辈子连你们学校图书馆都搞不定还敢说读书多还是嘛，读的还是不够嘛，继续读话说回来，回答你多读书那些人，实在是对你的这些问题提不出任何建设性意见了扔出去一剂多读书，乍一听，很有道理啊毕竟多读书好像没什么坏处啊但是，你想想啊，你书读的再多，事情还是那些事情，困难还是那些困难，它们会自己飞走吗？最后你要真信他们不过是心里整天想着，我比那谁谁谁渊博多了，凭什么我就混得不如他而且特别容易成为一个嘴子，什么事情好像自己都知道一点，都可以说说实则什么都说不对最后不过落个心比天高，命比纸薄看书可以解决很多问题，但真不能解决所有问题尤其是知乎上问的这些问题，看书真解决不了————————————————————————————————你所需要的是解决问题而不是多读书你没有女朋友怎么办？那就找一个啊，想尽办法找一个，现在就行动，你找不了高圆圆那样的，还找不了杨幂那样的了？你胖怎么办？那咱就减肥，少吃点，多运动，最后就算咱体重没减下来多少，最起码身体健康了，人精神了，你读书能解决啊？我长得丑怎么办？那就花点时间把自己收拾收拾，买点像样的衣服，画点得体的妆，至少咱别丑人多作怪就成有什么困难就解决什么困难，能解决到什么程度解决到什么程度我觉得当事情发生了，困难来临了，不去解决而是跑去看书绝对是脑子有问题
20332217,张随便,51002043,康亚博,2013-11-26 10:38:51,虽然另辟蹊径，但还是有很大部分片面。读书确实不是万金油，把读书和获得智慧能力划等号确实不对，但在低成本和高效性来说，有划等号的能力。而且就解决问题方面来说，大多数的问题不是突然出现的，不然就该叫事故了。有了一定智慧和能力之后，问题不但可以解决，更可以预防。
20332217,张随便,95025002,优诺,2015-09-18 13:32:52,我觉得吧~您这个回答太片面化了~并不是说失恋了失业了啥也不干就去读书，该解决的问题还是得解决~闲的时间看看书~前一份工作我在某出版社当编辑，我们的工作就是从选题，找人写，校对，出版，发行，最后到大家手里成书。可是传统出版面临太多的问题，在网络化的今天，电子书便宜而方便，一个kindle或者APP，就可以让你览遍群书，市场上盗版书也层次不穷。我们自负盈亏，甚至根本赚不了钱，每个月都要为下个月的饭钱努力，出版社一瞬间似乎成了多余，合并的合并，转成商业公司的也转型，那出版业前途在哪儿呢。面试的时候领导问我，现在出书根本不赚钱，甚至还赔钱，怎么说服别人出书？我说的什么就不在这儿写了，总之领导挺满意的。读书并不能改变什么，更多的或许只是内心的inner peace. 我宁愿相信“读书使人明智”里所蕴含的道理，所以始终保持一个月进书店买本书，有时候懒了就在网上买本不知道正版还是盗版的书看看，学习的，小说，散文，名著，不知不觉书架就满了，又想起以前在村里读大学，没地方玩儿，图书馆就成了我的不二选择。读书给我了什么呢？读书没有给我男票，也没有让我变得很有钱，可是我依旧会每月买书，哪怕是为了支持国内的出版行业，有时候当下的累积是感觉不到的，也许在某一天，厚积而薄发，会带给你不一样的体验。
95025002,优诺,95025002_101154495,林恩维,2015-10-29 10:26:52,你这个回答和答主这个答案没什么关联吧。之前我就看过一个问题，大概是生活费800块可以怎么打扮自己。想变得好看。底下好些人就在那说别做梦了多读书吧。答主针对的就是这种答案吧。但事实上，如果钻研的话，800块也能打扮得很得体好看。不一定要看书。看书对你要做的事 很多时候没什么帮助。我个人觉得就像答主说的，书只是一个兴趣，最多是一个工具，它本身解决不了你真正想做的事，更解决不了问题。它只是提供一个思路罢了。
20332217,张随便,51001265,知乎用户,2013-11-26 10:01:36,让你读书是为了让你以后遇到问题能自己解决，不用再求助于别人，授人以鱼不如授人以渔没听说过吗？你的生活毕竟是你自己的，你自己才最了解自己，别人给的意见都不靠谱，多读书就是这个道理。
20332217,张随便,54321708,知乎用户,2014-04-09 13:11:14,我读了很多少书，虽然还是很弱，但我还是想多看点书
20332217,张随便,52119299,知乎用户,2014-01-17 13:27:00,有道理。不过我觉得知乎上大多数说这句话的人，都是调侃的语气。这句话我最早在知乎看到，是某个知友自黑的一句话。
20332217,张随便,51002499,伊织崇子,2013-11-26 10:55:23,杨幂难道很好找？
51002499,伊织崇子,51002499_51005862,子扬,2013-11-26 13:16:18,臭脚的容易找
20332217,张随便,50995787,知乎用户,2013-11-25 22:55:23,请问高圆圆委员会现在还可以申请入会么
50995787,知乎用户,50995787_50996388,知乎用户,2013-11-25 23:22:32,高圆圆委员会是个神马。
50995787,知乎用户,50995787_51000509,张随便,2013-11-26 09:25:35,不行，就我一人，我必须保持这个组织的纯洁性
20332217,张随便,50992565,知乎用户,2013-11-25 19:58:29,我操，几乎同时回答，我相形见绌了！！！我要删了我的回答！！！
50992565,知乎用户,50992565_50992652,张随便,2013-11-25 20:03:03,删毛~
50992565,知乎用户,50992565_50992823,知乎用户,2013-11-25 20:13:33,已删！
20332217,张随便,494694291,张牧之,2018-08-02 10:31:40,读书还有错了，什么玩意
494694291,张牧之,494694291_494832329,张随便,2018-08-02 14:49:50,你哪只眼睛看我说读书错了，你什么玩意？
20332217,张随便,754803984,梦中的刑先生,2019-10-09 16:59:08,还有一点，多读书不是为了有优越感，是为了改变思维，增加以后的路能更广一些，比如常见的：我觉得我书读的不少啊，怎么用不到？怎么感觉没啥用啊，我朋友谁谁平时也不看书，咋挣钱比我还多，我这读书没用啊？
20332217,张随便,754802087,梦中的刑先生,2019-10-09 16:56:45,作者有点一概偏全了，当问题出现后肯定是想办法解决，很多问题都是突然出现的，正常人肯定不会去读书去解决吧？读书是当下困惑不知道干嘛了，或者平时休闲没事，读点好书比刷抖音追剧强。。。
20332217,张随便,53928200,伯约,2014-03-26 21:34:53,赞同“有什么困难就解决什么困难，能解决到什么程度解决到什么程度”
20332217,张随便,52569728,没有昵称的石头,2014-02-06 18:37:10,腹有诗书气自华。
20332217,张随便,52152422,知乎用户,2014-01-19 09:57:35,要多读书啊，我连四大名著都没有读过。
20332217,张随便,51000486,孙凯,2013-11-26 09:24:24,说的太棒了，瞬间感觉佩服之极！
20332217,张随便,50999815,知乎用户,2013-11-26 08:41:32,友情提示，注意赞同你答案的年龄层次
20332217,张随便,50999572,twozero,2013-11-26 08:21:41,我既找不到高圆圆那样的，也找不到杨幂那样的，是不是已经没有存活的必要了。
20332217,张随便,50998519,焰ssr,2013-11-26 02:05:40,「我饿了，怎么办？」「吃饭呐」「不，你们说的不对，不但要吃饭，还要吃好吃的饭！」大概就是这种感觉了......ლ(╹ε╹ლ)
20332217,张随便,393458885,hemin,2018-01-30 14:38:48,别删，说得很有道理，我每次看到一些似乎只要多看书就能走向人生巅峰的回答，我就会想，知乎现在是变要卖书了吗
20332217,张随便,176643027,Isengard Nanthy,2016-10-24 15:45:29,这个回答让人满意
22110581,回答正文,21772926,黄辛,2014-01-19 17:35:24,人的认知提高的方式其实非常之少，听课是最有效的方式，可是又太有局限，没办法总是找到自己想听的内容。与人交谈，生活中能遇到多少“胜读十年书”的高人？上网就更扯了，杂质太多。而书，清简而内容充实，摄入知识和提高认知的效果极佳，若课堂是打点滴，书就是药片，虽要慢慢消化，可改善内功的效果一样强劲。
21772926,黄辛,60019382,刘币老师,2014-09-05 14:19:21,很短，很深入。说到了中国人的病
21772926,黄辛,52160723,知乎用户,2014-01-19 19:00:29,现在不知为什么没有坐下来好好读一本书的毅力了，惭愧。
22110581,回答正文,51313744,桜町風俗店長,2015-06-14 12:53:45,为什么要多读书知识面广？这样装逼的时候才不会输啊～这样才能实现对对方智商上的碾压在撕逼大战中立于不败之地不觉得吵架的高手一般知识面都比较广吗？他们总能炒出新花样开发新的嘲讽技能他们吐槽用的比喻句你有时候需要上网查查才知道是什么这就是人家书读得多知识面广别人被骂了一时间还醒不过味儿来记者：“联想成为全球最大PC厂商又有何意义？”杨元庆反问：“你知道世界上最高峰是什么吗？”答：“珠穆朗玛峰。”“第二高峰呢？”“乔戈里峰。”杨元庆再问：“第三高峰呢？”“干城章嘉峰。”“下次我不接受地理专业记者的采访！”肚脐英文你会拼吗？读书读得多 吵架吵的好
51313744,桜町風俗店長,83186698,hui liu,2015-06-27 21:54:50,哈哈
51313744,桜町風俗店長,83386386,李沁峰,2015-06-29 12:53:58,马上拿起高等数学复习一遍。
51313744,桜町風俗店長,103902436,KevinChou,2015-11-15 23:00:52,笑尿了！
51313744,桜町風俗店長,100242217,知乎用户,2015-10-23 13:04:49,哈哈哈哈哈哈哈，这配图给32个赞！不过国内好像看不到这种节目
22110581,回答正文,420935897,花窗影,2018-06-19 13:02:57,读书是效率最高的获取知识信息的方式。专业书籍，你可以迅速检索并且开始研读。非专业书籍，比如，你能够最廉价和最快捷的方式立即获取别人总结出的思想精神的智慧和精髓，却不用投入时间，金钱和感情，想要即刻获得，不想要立马抛弃。你遇到的人生中难以抉择的苦恼困境，往往都有前人遇到，已提供了不同角度，不同思路的解决方法，甚至成为人生的榜样，岂不美哉？
420935897,花窗影,594946276,hey guys,2019-02-19 13:05:12,我是92年女孩子
420935897,花窗影,594946103,hey guys,2019-02-19 13:04:54,前辈能否推荐几本你觉得对人生收获较大的书，嘿嘿😁
594946103,hey guys,594946103_630308592,花窗影,2019-04-19 17:58:58,平凡的世界，只有这本记忆犹新，其他的都如过眼烟云…淡忘了
22110581,回答正文,20347420,李书航,2013-11-26 11:54:51,处于级别比较低的层面的人，确实需要有些人来专心的带一带他才能够入门。这个世界现在的知识和人生经历积累都很丰富，有些东西还真不是无师自通的。那些理解能力高的人所认为是常识的东西，恰好就是这些提问的，有困惑的人所不明白的事情，他们可能需要经过自己的亲身体会才能明白。接受别人的间接经验，不仅没有办法消化，还能让他们产生逆反心理：难道我现在所活着的一切，就是为了重走一遍别人曾经走过的路吗？所以我觉得，如果只是建议多读书，或者只是用“某某就该多读书”这样的句子来造句，作为一个简单回答的，其实并不能算是一个有帮助的答案。尤其是对题主，这样的回答更是没有帮助，遇到这种情况题主可以直接在这些单项点击没有帮助。没有帮助在这里不是对提建议的人恩将仇报，而是取了字面的意义。确实是没有帮助。我想对于真正需要这些解答的人来说，他们不能自动推出多读书=读好书这一点，而且对于什么是好书，他们也许接受了错误的认知，与回答者的认识也不一样。所以如果只是建议多读书的话，他们翻过去又去读武侠小说或者玄幻，那么可以说真的就是害题主了。我的建议是，如果遇到特殊的问题，需要在问明白题主状况的情况下，对症下药地向他推荐一本具体的书，而且最好也把买书的链接都给他——我们帮人帮到底，送佛送到西嘛。
22110581,回答正文,35907679,一易,2014-12-26 20:21:07,
22110581,回答正文,20321611,知乎用户,2013-11-25 13:15:24,我觉得如果连“多读书”都做不到，那“读好书”是没有意义的。
20321611,知乎用户,50986921,知乎用户,2013-11-25 14:59:24,我觉得即使没有学习的态度和行为（会被鄙视，就你还想***）。   也可能会被内容本身感召。  不是没有意义。
22110581,回答正文,20333189,匿名用户,2013-11-25 20:40:01,书是地图，书是别人走完路的心得，书是别人的研究结果，不读书就去行万里路是要被坑被蒙被拐被骗吗？就好像做过研究人不先多读paper是想作死吗？从题主的语气中弥漫着一股实用主义伸手党的气息，等待别人给建议等待别人推荐书，不满足还要一定是好书。好书坏书这种事，在我眼里是好书可能换一个人就厌恶无比，好书坏书是要经过自己的阅读尔后才能分辨的。多读书当然是好事，只读好书只能呵呵了，不多读些坏书怎么了解这个世界到底有多坏呢，这种书都能出版！
20333189,匿名用户,51224816,yu liu,2013-12-06 20:24:49,有理
22110581,回答正文,21776126,翡翠森林,2014-01-19 20:33:21,每个人的智慧很有限，我们不过是在自己狭隘的精神世界里兜兜转转。多读书，丰富你的思想和精神世界。在你身处光明时可能不重要，而当你困惑和黑暗中挣扎摸索时，前人的思想智慧可能就是一盏指路明灯
21776126,翡翠森林,279854905,Prajna,2017-05-11 11:27:48,赞！
22110581,回答正文,20321842,余和平,2013-11-25 13:22:45,书是思想的沉淀，总会含有精华部分，多读书一定会有收获，而且每个人从同一本书中的收获都很可能不一样。注意知乎的一个公式：离开XX说XX就是耍流氓。不看对象推荐“好书”正好可以套入。如果你能把自己制成标本让大家看清楚，推荐好书不是问题。如果做不到，只能自己找好书。别人只能推荐读书而无法推荐“好书”。
22110581,回答正文,20352590,日照清苑,2013-11-26 15:06:03,书籍是人类进步的阶梯。by高尔基
20352590,日照清苑,191746255,谢英,2016-11-27 00:00:51,赞👍
22110581,回答正文,23053486,万畅,2014-03-03 14:55:01,我是一个实用主义者，和前某高赞同票不同，我读书就是为了解决问题。开始专业学习后我购买或借阅了不下15本专业书籍（Cisco系列）以及不限官方厂商技术白皮书，现在工作中理论结合实践。工作专业学习后我先后购入通信各大发展、演变及主流技术以及查阅国际标准，各厂商技术文档（华为为主），现在专攻3GPP以及结合应用学习底层信令。开始健身后我购买了《施瓦辛格健身全书》《无器械健身》《强效塑身普拉提斯》，现在每天花费至少半小时。开始跑步后我查阅跑步圣经各帖，现在周跑步量40公里继续学习。开车接触车类保养后，我购入《汽车构造与原理》《汽车维修技能全解图》，现在正艰难的记录笔记形成基本概念。等等。也许是理工教育缘故，书就是我的工具，我希望并一直致力于了解事物运行的内在逻辑，起始点就是我正着手在做这件事。个人很不喜欢各类专业软文，用五花八门的比喻表达一个简单的业内原理，在我投入精力的领域里，我拒绝这样。高中后很少看文学作品，我也不喜或者难以沉入，可能导致写作表达一直是我的弱项，知乎我可是一直羡慕佩服张公子/(ㄒoㄒ)/~~我这样的人，大概最爱的，不用记笔记的就是三国了。
23053486,万畅,580027534,为什么,2019-01-23 15:20:59,技术，艺术，学术，我们都可以总结前人经验加以学习，可有的人偏偏认为改变阶级，也可以学习培训，乞求在书里可以找到答案就是认知偏差啦。
23053486,万畅,54601791,知乎用户,2014-04-17 15:35:28,读书是为解决问题，你的执行力好厉害，向你学习
23053486,万畅,53295404,鲸在碗中,2014-03-04 00:40:31,赞同
23053486,万畅,53289079,鲸在碗中,2014-03-03 21:06:25,我也觉得，在我们遇到可借鉴且自己无经验的问题时，书是最好的老师了！
53289079,鲸在碗中,53289079_53289145,万畅,2014-03-03 21:08:25,看完书实践后再问人，效率很高：）
23053486,万畅,364815916,万先生的ccc,2017-11-27 18:28:03,狗子就是很务实
22110581,回答正文,21760245,匿名用户,2014-01-18 23:29:10,Reference：
22110581,回答正文,22082441,知乎用户,2014-02-01 10:35:39,最烦就是知乎某些人一句话说的清楚，非给你写一大堆话，就不好比去医院看个感冒，连十二直肠都给你看了就一句话知识改变命运
22110581,回答正文,87089318,匿名用户,2016-02-19 17:59:51,因为无知无法反驳答案，所以只能攻击你这个人。
87089318,匿名用户,145867281,匿名用户,2016-06-28 10:38:07,我认为有不同观点就反驳，一言不合就人身攻击简直耍流氓
87089318,匿名用户,145327415,诗酒花与酱醋茶,2016-06-26 03:48:52,这种人真的很多……反智言论一大堆，你提出不同观点，他一口咬定是你读书少理解不了——可他那些想法真没什么理解不了的，就是认同不了……
22110581,回答正文,22028394,哎哟喂,2014-01-29 13:34:31,如果你生长在天朝，随着年龄的增加，你会越加感觉到，9年义务教育的书，外加高中大学，全TMD白读了。虚伪，不实用，高姿低级。只有further education，从头再来才是王道。我感觉这时候学习，带着目的学习，才是王道。以上只是鄙人的一些愚见。
22028394,哎哟喂,580030712,为什么,2019-01-23 15:27:18,义务教育有用，可以学习识字，9年以后，如果想做改变全人类的企业家，那学习那些就没有意义了，不当企业家当科学家等还是需要多学习。
22110581,回答正文,21767688,霍经伦,2014-01-19 12:35:14,读书，确实是精神食粮，我从小就不爱读书，爱看的也就是武侠小说和漫画了。真正用心读完的第一本书是韩寒的《三重门》，那时候在家抱着书不放。后来就没再怎么看过书了，最近又迷上了看书，可能是觉得书到用时方恨少吧，自己的知识确实比较匮乏，所以去了一次图书城，大量的采购，各种类型的都有，呵呵，然后基本上1-2天一本，就这么疯狂的看书，确实领悟了一些东西，现在觉得，书，真的是好东西。
22110581,回答正文,20335204,知乎用户,2013-11-25 21:58:59,那……建议多整容？
20335204,知乎用户,87838073,逃鹿哥,2015-08-01 20:08:16,哈哈哈哈
22110581,回答正文,35917777,知乎用户,2014-12-26 23:21:18,读书多的人可以经历千种人生，不读书的人只能活一次。
22110581,回答正文,35930015,Clyne,2014-12-27 09:14:31,如果人生是游戏，那么书本就是攻略。
22110581,回答正文,21460185,知乎用户,2014-01-07 15:04:39,我小的时候一直在父母身边成长，我在一个小小的圈子之内，我身边的同学，朋友，因为环境，教育背景一致的缘故，我们的思想，见识都是类似的。所以很多时候，我提出的想法，观点，大家都会很快表示理解，和赞同。后来我接触了来自五湖四海的人，不同的国籍，不同的文化背景。每一个人作风很不同，我觉得他们很奇怪。一直到深交之后我才深刻的意识到，他们这样去做是有自己的道理的。我也意识到，自己的想法是bias的，是被我成长的范围所局限的。很多时候，我觉得自己的想法很正常，很正统，但是在别人看来，我也是奇葩一朵。所以我去读书，因为我没有办法依靠一己之力去认识，去深交这么多人，去了解为什么你选择这样去做事。而且，很多我想去认识的人都和我不在一个时代。我仰慕苏东坡，我没有办法穿越到北宋，去和他交流，去问问他你在现今的环境下到底有什么感受。所以我看他写的文章，写的诗，单独这些就让我很感动。我去读书，因为我对这个世界的万物有着强大的好奇心。我自己是学Engineering方面的，但是我同样对时尚，法律，历史有原始的好奇。我渴望去了解这个世界是如何通过每一个人小小的贡献来运转的。所以我去看书，希望通过花较少的时间去了解每一个领域的事物。那些劝人去读书的或许出自于好意，但又或许有些咄咄逼人之感。读书的事是自发的行为，当我们意识到自身的渺小和渴望的时候，便是想要读书之时。
22110581,回答正文,20653104,不见长安,2013-12-07 22:13:14,从我个人来说，我觉得和不怎么读书的人交流又费劲又无趣。所以大概多读点书会让人变得有趣好交往一点吧。
22110581,回答正文,20336895,知乎用户,2013-11-25 22:55:16,"因为书是以前人类生活经验的总结。有了书之后，人们一代比一代变得更聪明。看书使我们不必经历，就能获得对世界的正确认识，从而提高自己的能力和素养。所以，多读书是一个万能而正确的答案。关键在于，读什么书，读了书没有达到人们预期的效果怎么办。
这一点其实很难解决。
一个方法是不要对看书有着太高的期望，功利的想法会使人读书很急躁，而读书获得收益，一般需要很长时间的积累。急躁的话，短时间达不到效果的话，就会怪罪读书无用，产生不喜欢读书的心态。
另一个方法是多读经典。一般来说，经典坑人的概率比较小。因为我们那么多代的祖先都推崇的东西，经过了时间长河的考验，一定是有很好的东西在里面。"
22110581,回答正文,20321654,熊威锋,2013-11-25 13:16:19,读书有如下好处：1、可静心，让自己明天想要什么。不用大量浪费时间。2、增长常识，对专业，对日常都有好处。3、丰富学识，提高修养，随处有谈资。至于读到不好的书，可以这样想，读到不好的书，才知道什么是好处。就如同走路跌倒，才知道下一步如何不跌倒，人生总得有些困而知之的事。
22110581,回答正文,144902904,匿名用户,2017-02-07 09:43:49,因为他们都读书不多，或者自认为读书不多，所以他们觉得如果读更多的书自己一定会很厉害！同时告诉别人多读书，会有一定的优越感。读你妹的书，让你多读书就跟让你多看电影多吃水果一样，这话屁用没有！至于读书有没有用，肯定是有的，至于是否比做其他事有用，那谁知道！同样一小时，读书和刷微博哪个有用？同样一小时，读书和跟专业领域的大牛聊天哪个更有用？
22110581,回答正文,22162553,呀卡七,2014-02-04 22:27:36,在长久处于手机不离手 低头刷微博的状态之后， 明显可以感觉有些思维运转远不如以前，感觉脑袋空空的，多读书的话 多少会让你不断的在思考，锻炼思维。。。大概就这原因吧
22162553,呀卡七,52629789,孙凯,2014-02-08 21:48:46,读完一本书的感觉，和在知乎看别人回答问题的感觉完全不一样。在知乎看到一个惊艳的回答，只是当时一惊。但是，读完一本书（读好书，现在选择书确实是个问题）的感觉是，发现自己成长了许多。
22110581,回答正文,22028650,MartinZ,2014-01-29 13:46:24,找好书难？我认为好书实在太多，就烦时间根本不够去读。另外，建议题主提高几种外文的水平，可以接触和读到更好的书，而不是在这里发这种搞笑的牢骚。
22110581,回答正文,22022780,李浩,2014-01-29 09:01:21,
22022780,李浩,52376426,zqq7qz,2014-01-29 14:24:40,神图，真想知道作者是不是到第四层了
22110581,回答正文,21796321,上官文商,2014-01-20 17:02:14,我看到的问题是“为什么知乎上很多人都建议多读书？”从知友们的回答来看，似乎更对应的问题是“人为什么要多读书？” 不知道是什么原因造成的，问题修改过么，希望知情的热心朋友告知。就题主描述的 “看到知乎上很多人，都是一股脑的建议那些学生或者刚工作的人：多读书。” 而言，这样的建议更多地是出于 经济的 动机。试分析如下——一、知乎的定位侧重于话题的深入思考和讨论，产生第一个问题：深度二、深度意味着专业度较高，需要使用预备知识和专业术语的情况大大增加，产生第二个问题：门槛三、门槛意味着对参与者的区分与筛选，产生第三个问题：水平四、用户除了向低水平者解释外，也希望与同水平者互动，向高水平者学习；低水平用户增加的情况下，假如“基础教育”由中高水平用户承担，他们的投入会增加，而产出并没有提高，预期收益下降五、低水平用户中， “学生或者刚工作的人” 被认为所占比例大，因此，中高水平用户建议他们多读书，其实际意义在于：希望他们眼中的低水平用户提高自己的水平，降低他们的交流成本，提高收益。
21796321,上官文商,53068115,津子,2014-02-24 12:21:32,请问最后的交流成本指什么，我好奇。
53068115,津子,53068115_53126309,上官文商,2014-02-26 10:47:46,以“网游”为例吧——一是教育成本：假设某玩家队伍“天龙会”在讨论下高级副本的战术，小白A加入问新手任务怎么做，如果天龙会要跟他交流，就必须承担起普及基础知识的责任，而这本不是他们的义务；二是沟通成本：假设天龙会要去打高级副本，玩家B入队，于是一同去。B等级装备技术都不差，但表达能力欠佳，“那个谁谁，你把那边那条龙拖住，还有那谁，到后边儿堵，我上前边削小怪”，辞不达意，难以理解，影响刷副本效率；三是甄选成本：天龙会近期主要目的是下高级副本、刷高级材料，他们只想吸引有实力、配合度高、易于合作的候选人加入，因此在喇叭里喊出“专业团队下90副本刷水晶，长期招85+实力战士”，减少被不合格者骚扰的机会。同理，知乎中高级用户（至少是自认为中高级）建议他人多读书，意思就是：我觉得你水平不够，但我不好意思直说，我也不愿意承担培养你的责任，你自个儿多学习，水平提高了再来。
21796321,上官文商,52191524,孙凯,2014-01-21 09:20:47,额，提这个问题的时候也没想过会有那么多人来回答。或者更多的提问动机是：额，来知乎那么久了，该提个问题了吧？提什么呢？……刚好，我刚进知乎的时候印象最深的一句话是“人丑应该多读书”，那几天浏览知乎的时候也经常有人这样回答问题：题主还是多读书吧……这种答案见多了，也就有点这种感觉：知乎里面的人都爱读书，知乎里面都喜欢长答案……但是，貌似随着知乎涌入了大量新用户，很多问题和回答的质量都下降了（这一条是现在的感觉，不是提问时的感觉）。以前读书，读的大多数都是自己找专业书，毕业工作后，开始去读一些经济/心理方面的书籍。但是专业书我知道如何选择，经济/心理方面的书却不知道如何选择。经常有朋友推荐我书读，但是能被我选择去认真读的很少。所以，在选择读哪本书的问题上我经常纠结。现在的书真的很多，而且不得不承认垃圾书籍还占了不小的一部分。也许提问的初衷是希望大家在回答问题的时候不要一股脑的说：题主要多读书。而是能根据问题，提供一些自己认为对问题有帮助的书籍名单（自己读过的，并且感觉确实不错的书，没读过的书别瞎推荐。网上经常看到给XXX的书单，其实那些书单，我真的不知道转载者自己有没有读过）。由于自己不是一个善于组织语言提问的人，所以问题的表述和自己初衷不一致。但是，发现回答的人居然那么多……O(∩_∩)O……所以，感觉还是别改了吧……
22110581,回答正文,21775536,匿名用户,2014-01-19 20:04:19,真相其实是因为知乎上都是这些人：爱读书的码农，爱读书的创业者，爱读书的大学生，爱读书的妹子，爱读书的宅男。。。。。。不得不承认知乎是有其局限性的
22110581,回答正文,1326867860,布衣君主,2020-07-08 20:26:13,“书中自有黄金屋“、”书中自有颜如玉”是宋代赵恒的一首诗中地两句话。大致的意思是说你书读好了，你就有大房子和漂亮的老婆了。在那个时代对读书人的启示是考取功名才是当时人生的唯一出路，正所谓“士农工商”，从商是最被人瞧不起的，走上仕途才是你不二的选择。现在大家对待读书这件事看待的也都很功利，我并不否认功利，因为只有功利才能让自己和家人过上更好的生活，没有激励机制就无法调动人们的情绪与动力。但现在我要泼一盆冷水，赵恒的这些话放到现代社会，每一句都是谎言，但这并不表示我们应该拒绝任何有机会成为现实的谎言。现在我们来仔细思考一个问题，上学时你所学到的知识你还记得多少？百分之十？百分之二十？它们目前在你的生活和工作上可以应用的有多少？我想大部分人就只记得加减乘除来算算自己的支出和收入，三角函数、立体几何、坐标方程式之类的数学算法早就还给老师了。再来思考一个问题，多少人大学毕业后所从事的工作和自己的专业是对口的？当你毕业后，没多久就遭到了社会的毒打并且大多数工作岗位都需要相关工作经验的时候，发现靠大学圆梦的门槛也越来越高了。这时社会上就会出现一个声音发表自己的观点：读书浪费了你大部分的时间，浪费了你最好的年华，浪费了你在社会上更早的积累经验的机会。诚然，读书未必有用，甚至还会让你更加落后。所以在思考了这么多的问题之后，我们现在就从功利的角度来看，读书到底能不能赚到钱？我从自身的经验学到，靠读书让自己在社会上立足绝非易事，其主要原因也不是纯粹的理性分析和辩证逻辑相结合，然后就能自动抵达成功的因果关系。所以我们先来理性分析，到底什么样的身份才可以赚钱？大体上有三种人：第一种是资源提供者，也就是为别人打工的工具人，领工资的机会成本（为了得到某种东西所必须放弃的东西）就是时间和劳动力。但是有人书读的多，就掌握了一些特殊的技能，就相当于掌握了稀缺资源，因而你的收入从来就不和你所付出的劳动力成正比，而是和你的劳动力不可替代性成正比。比如外科医生或是律师，因为书读得好，收入自然就高，而那些技术含量低的职业很快就会被数以万计的人填满。我国的疫情爆发之后我们才发现，原来医生这个职业还有那么大的缺口需要填补，但并不是所有人都可以轻易地掌握这项稀缺资源。第二种是资源配置者，比如说商人，可以低买高卖，并且可以整合劳动力赚取贸易顺差的那部分人。他们在原始积累的过程中，收获的不仅仅是金钱的数目，最难的是做生意的套路，那是需要长时间的积累和学习的。怎么以最低价格的拿到货源，客户到底喜欢什么，还有劳动力的工资分配以及组织架构，甚至连领导力那也都不是天生的。其中涉及到税收，合理避税等问题还需要一点会计知识。在涉及到合同、版权、专利等问题还需要懂一点法律知识。有的人一定会说，这些可以雇人去做啊。大部分人连原始积累都做不到，凭什么就认为自己可以出的起钱去雇那些人呢？在从打工到自己配置资源这个原始积累过程中，有些事情你是一定要亲力亲为的，如果你比别人懂得更多，那你就可以少走更多的弯路。第三种是资本家，就是掌握大量生产资料的人，现在多指那些投资人，可以靠股票或者支持那些创业者来为自己赚钱的人。资本家需要极其复杂的经济学和金融学常识，我随便说几个名词估计大多数人都需要百度一下才能弄明白。比较优势和绝对优势的区别在哪里？什么是名义GDP，什么又是实际GDP？公共政策发布的时候，资本家们立刻就投入数以亿计的资金了，而剩下的其他人还在停留在今天晚上吃什么的问题上。所以真的不要觉得不读书，做生意就可以做的很好。现如今能赚钱的行业都被资本垄断了，这些行业你想做出点门道，没有知识储备根本就没有竞争力。有的时候，赚钱和读书的确没有必然联系，有的人大字不识几个，甚至连自己的名字也写不全，仍然很有钱。不过那都是刚刚改革开放的时候，大家都没有全球一体化的经济思维，但现在时代已经变了。任何一个行业都需要大量的知识储备，都需要不停的学习，有些知识学校也根本不会教给你，那么就不需要上学了吗？当然不是。虽然我认为在学校所学到的专业技能你在社会上不一定用得到，但是你的思维模式会发生根本改变。你会发现那些受过高等教育的人看问题的深度、角度、广度和那些不读书不学习的人确实是不一样的。有的人会认为上大学会花费非常多的钱，吃饭、住宿、学费、零花钱、书本费等等每一笔都是不小的开销。实际上如果你不上大学，你也需要吃饭，住宿，也需要零花钱，你失去的仅仅是时间和学费。假设你把上大学的时间用来打工，你每年能剩下2万块就算非常不错了。所以根据每个人的家庭经济状况不同，上四年大学的成本至多也就是10-20万人民币，用这些钱换来我们思维方式的改变，那却是一生的财富。所以回到开头，我说赵恒的两句诗是谎言的原因在于——如果你想有钱，有个好爹好妈给你好资源，比你读一辈子书都管用；如果你想在恋爱上顺风顺水，长得帅气漂亮也比你读一辈子书都管用。正是因为读书的好处显现的特别漫长，不是那种付出就会立刻得到回报的投资，以至于我们每个人的阅读量都非常的少。其实读书在国内算是非常廉价的事情，在国外随便一本纸质书动辄要60-100美元，甚至200美元以上。即使不喜欢看纸质书，还有电子书可供阅读。微信读书我觉得目前来说做的还算不错，当当和京东也都有相关的电子书APP。这些平台为了吸引用户，经常免费阅读或者是搞促销活动。有的书凝聚了作者一生的阅历、知识、情感，我们只用一本书就得到了他全部的智慧。当你迷茫的时候你可以看《老人与海》；当你想了解经济带给人们的改变的时候你可以看《经济学原理》。只要你想得到的思想、文化、法律、宗教、历史、学术等等知识的时候，你在书中都可以找到你想要的答案。龙应台的家书中写道:这段话同样适合今天正在高考或者未来将要面对高考的莘莘学子。读书会让你知道世界之庞大，明了自身之渺小；会让你在遭遇困境的时候不再孤独；会让你对世间万物充满好奇与敬畏；会让你知道人与人之间确实存在温情。
22110581,回答正文,45634370,匿名用户,2015-04-23 09:29:49,鸡汤，读书不能改变任何现状，能解决你眼前没工作吗？能给你带来收入吗？读什么书学到什么了？唯一做的就是在工作中学习，而不是乱读书，这是有钱人用来消遣的活儿，别天真了。
22110581,回答正文,21763657,白w白,2014-01-19 04:22:10,读书少也是可以的，只要别想得太多就行了。
22110581,回答正文,20350550,匿名用户,2013-11-26 13:49:09,不建议那些学生或者刚工作的人去读书，难道建议他们去工作么？！！来抢我们饭碗啊！这个叫分流，这样可以有效的减少我们的就业压力。等他们读书读的差不多了，出来工作了，这个时候就可以开始提倡读万卷书不如行万里路，实践最重要。这样，没有工作经验的他们，又竞争不过我们了。呼，为了我们自己生存空间，我要疾呼请读书！
22110581,回答正文,36194337,鞋子不干,2014-12-31 13:26:29,腹有诗书气自华
22110581,回答正文,35911488,奈文摩尔,2014-12-26 21:31:35,书籍是人类进步的阶梯
22110581,回答正文,35911397,知乎用户,2014-12-26 21:30:06,……Why not？
22110581,回答正文,35911032,李伦,2014-12-26 21:23:28,自己错过了，不想其他人也错过
22110581,回答正文,35908329,匿名用户,2014-12-26 20:33:41,药医病，书医愚，美图秀秀医丑逼。
22110581,回答正文,32672341,laszlo Sun,2014-10-30 15:06:35,人云亦云
22110581,回答正文,268038166,荒唐,2017-11-29 20:03:50,单单从学习方面来讲:我弟从小就喜欢看书，故事书，历史，探险，战争，名著，作文，娱乐，学习……甚至是我的书，满满的一大书架，反正也看不完233，他语文考试都是年级第一。（六年级（＾ｖ＾） ）读的书多了，思维也开阔了，文字语言的灵活性是不容小觑的。（虽然我看的书还没他看的多）很多人认为男孩子语文考试好不好，无所谓，但你写作文，划重点高考会很拉分的。
22110581,回答正文,264453042,bravepang,2017-11-23 17:52:19,玉龙话虽难听，但是说的确实在理。毕竟人的一生有限，不肯能啥都能亲自体验，亲自感受，而读书大大拓宽了人们的体验，可能短短一个月时间，即体验了作者的一生，但这种体验会有作者亲生经历的那么深刻吗？显然不会~所以才有那句话，读万卷书，行万里路，缺一不可。书本带给我们的更多是理论，当我们人生也有相同境遇时，结合书本上的理论，知识才得到了升华~（事实却是，咱们国家读书量相比欧美发达国家真的是太太太太少了，即使书这么便宜~很多人一毕业基本就不在学习了，所以才有那么多知乎er疯狂推荐读书吧）
22110581,回答正文,171571833,执拙,2017-05-19 12:00:34,人生两件事，健身和读书。前者让你活的长，后者让你活的好！
22110581,回答正文,168290185,曲高和寡,2017-05-12 10:47:34,读书可以提升气质
22110581,回答正文,159419143,一瓢水,2017-04-22 14:37:48,你为什么要读万卷书、行千里路？我想这原因大概归结为：在书里和路上，你可以遇见不一样的人，可以了解世界上除了“我”以外的生命实体以何种方式何种面貌存在着，在你感受自身的渺小之后放下自我的小情绪，从而发现新的“我”！这是一种美妙的人生体验！  
22110581,回答正文,145430073,匿名用户,2017-02-09 19:49:36,书读多了，你才能明白什么是垃圾 
22110581,回答正文,140537470,匿名用户,2017-01-12 10:50:29,因为现实是小老板整天都忙着找客户找项目去了，只有涉世未深的学生以及稳定生活了的社会领域精英还有空刷知乎
22110581,回答正文,22065000,知乎用户,2014-01-31 10:37:17,理性来源于经验，直接经验受制于各种条件，而间接经验就要方便得好，而读书是相对性价比高的方式之一，比如电影看完了的体验，书中的一句话就概括了。
22110581,回答正文,22057894,赵九,2014-01-30 21:50:07,你是不是没读过书，还是书读少了？脑子里再想啥腻。是不是有没有点小激动，好了，我们文艺滴说，道友，请多读书。
22110581,回答正文,22029791,王强,2014-01-29 14:38:20,
22110581,回答正文,21827555,Ye.s,2014-01-21 21:34:02,生活中的大部分所谓“好的建议”都缺乏可操作性，说是一回事，做又是完全另外一回事。
21827555,Ye.s,580033595,为什么,2019-01-23 15:32:51,YES[赞]
22110581,回答正文,21826615,卢晓月,2014-01-21 20:53:15,读书在我看来有两个作用：一、提供我没有经历过的经验，使我在碰到新的事物时不至于手足无措。二、感受别人的喜怒哀乐，并学会表达自己的情感。心中沉重或轻灵时，说不出来，会很难受。
21826615,卢晓月,52537069,皮小咚,2014-02-05 11:06:28,赞同，目前读书的目的就是体验不一样的人生和有效的表达自己，心里有感情但是语言表达不出来人会很崩溃的。
22110581,回答正文,21793270,知乎用户,2014-01-20 15:09:16,读书破万卷，下笔若有神。
22110581,回答正文,21785097,知乎用户,2014-01-20 09:37:16,跟知乎网本身的倾向性有关。因为知乎爱答题的达人们一般受过读书的好处，因为他们几乎都有读书的习惯。因为知乎的很多问题在书中是可以找打答案的，再者答题就是一种写作，写作写得好需要有阅读量的输入。换个别的网站，比如骑游和乐迷网站，不一定会让你多读书的。各有各的玩儿法和活法。尽信书不如无书。
22110581,回答正文,21774367,知乎用户,2014-01-19 19:01:28,改变能改变的，总不能建议你投生一个更好的家庭。
22110581,回答正文,21774016,河路,2014-01-19 18:39:00,劝你少读书不读书的人〜〜〜
22110581,回答正文,21773665,怀简轻,2014-01-19 18:20:11,Maybe just because it's right.
21773665,怀简轻,58818780,欧阳海客,2014-08-09 13:32:58,也许只是因为它是对的
22110581,回答正文,21772445,hui muou,2014-01-19 17:09:21,读书是相对较短的一种体验过程
22110581,回答正文,21762833,SamuelY,2014-01-19 02:02:35,腹有诗书气自华
22110581,回答正文,21762347,徐萱,2014-01-19 01:13:48,不是只有知乎才提醒读书，从小到大都有人在你身边说多读书
22110581,回答正文,21757787,知乎用户,2014-01-18 21:53:14,三日不读书，便觉得自己面目可憎。
22110581,回答正文,21757665,知乎用户,2014-01-18 21:46:57,因为“人丑就该多读书”，而前半句不太好说出口？
22110581,回答正文,1973024074,超越者,2021-07-01 19:27:54,
22110581,回答正文,20543666,银狐,2013-12-03 20:31:20,为了骂人不带脏字，所以多读书
22110581,回答正文,20357161,知乎用户,2013-11-26 17:33:37,什么是好书？这个要根据你自身的情况，如@君所说，别人奉为上品的书可能在你眼里就是个垃圾。此人之药，彼人之毒。多读书，只是给大家个方向，具体读什么样的书，要结合自身，只能说读适合自己的书，当然寻找适合自己的书也是一项大工程。可以找和自己兴趣相投的朋友推荐，可以多看看书评，可以广撒网多浏览以筛选。只要可以提升自我的书都可以称为好书，相对于自己。
22110581,回答正文,20344783,匿名用户,2013-11-26 10:33:46,"一，增长见识。
二，在知乎上少提这种幼稚问题。
三，多提供优质答案。"
22110581,回答正文,20341179,知乎用户,2013-11-26 03:44:03,我觉得 懂得来知乎长知识和发问你 应该有能力根据自家水平选择并决定阅读哪些书吧 为什么要把读什么书这么主观的事情让知乎上的陌生人决定 不知道读什么的话你就去知乎上搜索感兴趣的话题啊 多看几个别人的回答 把提及的书列个自己的书单啊
22110581,回答正文,20339102,Landing,2013-11-26 00:14:56,读了就知道为什么了，并且你会自然不自然的加入建议“多读书”的行列。
22110581,回答正文,20337894,钉子,2013-11-25 23:30:44,为了懒得跟你扯原理和道理。希望你，后知后觉吧～
22110581,回答正文,20337030,传良Fun,2013-11-25 23:00:53,呵呵，所谓好书坏书向来都是相对的，对你好的不一定对他好。鸡汤在你这里是糟粕，在别人哪里就是宝典。所以是好是坏都是需要自己去评判的，当然呢，这个评判标准是怎么获得的呢？显然是需要大量的阅读来作为基础的，只有你看过了，才知道哪些是好，哪些是坏，然后才能更好的对书进行更准确的筛选。这是一个螺旋上升的过程，当然这对于伸手要饭的人而言是不容易理解的。
22110581,回答正文,20324804,匿名用户,2013-11-25 15:08:10,因为很多提问实在是读书太少，想得太多。
22110581,回答正文,20324325,知乎用户,2013-11-25 14:48:49,我觉得你这个问题 ，能够通过自己的思考给自己圆满的答复。  你可以多想想。如果还是思考不出来，  你会不会想看点什么？如果看到了真知灼见， 理解并吸纳。你会不会想分享？  分享什么最能解决问题？你通过什么方式分享？  多次发觉别人有同样的问题。  你会如何告诫他？ 身体不好， 回复会说要多锻炼。  推荐健身器材是不是暨越了。不是多读书，   是多学习思考。
22110581,回答正文,20323480,知乎用户,2013-11-25 14:18:30,他们这样说的目的并不是希望劝告更多的人去读书，而是给自己一个展示以期有望寻找到那些对于读书的好处深有体会的同路人。我猜：“可能知乎上关注数超过1万的人都拥有一大堆心爱的书籍并且时常独自享用它们。”
22110581,回答正文,20322138,知乎用户,2013-11-25 13:32:54,读书是基于自己兴趣的对于专业的打磨，需要根据自己的条件来选择，这样才会读书，应该达到两点一要精，二要博，找到自己的兴趣点慢慢读这类的书，积累到一定程度才会产生效果，读书是为了用，要能产生实际效用，只有学会了读书才会读好书。
22110581,回答正文,20321386,盘鼎,2013-11-25 13:06:41,因为有些人根本就连基本的理论知识都缺乏，你让他去实践，也不过是浪费他的生命。
22110581,回答正文,75006761,悦然,2015-12-03 07:25:57,因为大家长的都丑
75006761,悦然,226622492,阕木,2017-01-13 21:05:06,哇哈哈哈哈哈哈哈哈哈哈哈哈哈哈哈哈哈哈哈哈哈哈哈哈
75006761,悦然,110369890,知乎用户,2015-12-26 07:38:14,哈哈哈哈哈哈哈哈哈哈哈哈哈哈哈哈哈哈哈哈哈哈哈哈
22110581,回答正文,73309381,林逊之,2015-11-21 22:15:08,很多都是因为读了这么多书才能犀利的回答
22110581,回答正文,21772917,莫易,2014-01-19 17:35:08,我的最大感受是：读一本书相当于又活一遍。
22110581,回答正文,20333472,林海,2013-11-25 20:51:08,好书？什么是好书？怎么推荐？在我完全不知道对方兴趣、基础、积累和未来规划的情况下推荐书是很冒昧的，也是有害的。有的书太难，推荐了对方读不懂不说，还容易招来装逼的骂名；有的书有漏洞，但不见得是一无是处，你推荐了容易被人反驳（这个可以看给列个大学生通识教育书单的问答里，某大哥对众推荐的批判，哪里是对通识书单的要求？）；有的书对方不喜欢，看不下去还容易让人产生对书本的厌恶。还有，列一个书单很难的好吗？每个人的阅读量有限，在某一两个领域略有心得已属难得。费脑费事还不见得顶用，抱歉，大家的时间都很宝贵。另外，一个想读书的人，还不懂怎么找书？知乎的荐书问答，豆瓣的豆列，这些现成的东西在，你不会找？
20333472,林海,50997420,知乎用户,2013-11-26 00:12:27,我感觉读书是不需要推荐的，但是需要有人指点你读出书中值得一读和应该注意之处。就像人生是要自己摸索的，不应该条条路都按照前人的经验走。
